city,year,weekofyear,week_start_date,ndvi_ne_x,ndvi_nw_x,ndvi_se,ndvi_sw,precipitation_amt_mm,reanalysis_air_temp_k,reanalysis_avg_temp_k,reanalysis_dew_point_temp_k,reanalysis_max_air_temp_k,reanalysis_min_air_temp_k,reanalysis_precip_amt_kg_per_m2,reanalysis_relative_humidity_percent,reanalysis_sat_precip_amt_mm,reanalysis_specific_humidity_g_per_kg,reanalysis_tdtr_k,station_avg_temp_c_x,station_diur_temp_rng_c_x,station_max_temp_c_x,station_min_temp_c_x,station_precip_mm_x,ndvi_ne_y,ndvi_nw_y,station_avg_temp_c_y,station_diur_temp_rng_c_y,station_max_temp_c_y,station_min_temp_c_y,station_precip_mm_y,Output
iq,2010,26,2010-07-02,0.1837833,0.1425,0.2251286,0.15021429999999994,82.29,297.648571429,299.214285714,296.11857142900004,307.9,293.7,34.11,92.5814285714,82.29,17.654285714300002,9.42857142857,27.44,10.76,33.8,21.5,11.2,0.23084465,0.186582125,27.257777777766666,10.6838888889,33.35,21.1,18.175,3.8898096162134035
iq,2010,27,2010-07-09,0.2916571,0.2722667,0.3307,0.3209143,25.3,298.224285714,299.464285714,294.831428571,307.7,292.2,9.1,83.88571428569999,25.3,16.32,10.1571428571,27.025,9.625,33.0,21.2,8.9,0.2338380666666667,0.2256960333333333,26.4375,10.075,31.46666666666667,20.6,14.366666666666667,0.97716804186629
iq,2010,28,2010-07-16,0.2085429,0.3664571,0.2126286,0.2555143,62.14,297.955714286,298.964285714,296.417142857,306.4,292.5,61.09,92.05714285709999,62.14,18.03,9.55714285714,26.95,10.35,33.4,21.6,22.6,0.2439286,0.32126666666666664,26.475,10.74642857145,32.4,20.3,19.2,4.782738459584931
iq,2010,29,2010-07-23,0.08928571,0.06321429,0.12205710000000003,0.08195714,47.8,295.715714286,296.642857143,293.638571429,306.4,289.3,19.6,88.97,47.8,15.3942857143,7.82857142857,26.9,9.7,33.3,14.2,4.8,0.19915713666666668,0.2293618966666667,26.58333333333333,10.275,32.9,18.1,14.4,1.8811096216969825
iq,2010,30,2010-07-30,0.3061,0.3276833,0.2500857,0.2679143,56.3,298.50285714299997,300.0,293.892857143,308.1,290.5,18.93,78.61,56.3,15.468571428599999,11.771428571400001,27.05,11.85,33.5,16.9,3.0,0.3024380666666667,0.3081468,26.294444444433328,11.416666666666664,32.666666666666664,18.4,16.966666666666665,2.5225804211184006
iq,2010,31,2010-08-06,0.34202,0.3048571,0.3323571,0.34572859999999994,16.95,298.611428571,300.464285714,295.065714286,309.7,293.4,32.92,83.2742857143,16.95,16.6242857143,11.1571428571,27.7,12.6,34.0,20.0,92.2,0.3283257,0.31908966666666666,27.211111111100003,12.133333333333333,33.73333333333333,20.366666666666664,32.766666666666666,2.5731183148941605
iq,2010,32,2010-08-13,0.3322167,0.3848167,0.3566,0.3539167,9.88,298.305714286,299.7,292.085714286,309.3,292.2,10.5,72.4714285714,9.88,13.99,11.828571428599998,26.4333333333,12.0333333333,34.2,18.5,0.0,0.314877,0.339977,26.817777777766665,12.331111111099998,34.2,19.066666666666666,0.0,3.865953211603393
iq,2010,33,2010-08-20,0.2218143,0.2241,0.2730857,0.2312429,15.76,298.724285714,300.892857143,294.812857143,309.2,293.2,20.3,81.5571428571,15.76,16.3757142857,12.642857142899999,27.275,11.375,34.0,21.0,20.3,0.2320079666666667,0.2159127,27.54166666666667,12.175,34.46666666666667,20.2,10.5,4.167579449092397
iq,2010,34,2010-08-27,0.3190429,0.3158714,0.3267,0.3440571,7.82,299.914285714,301.785714286,292.69142857099996,311.1,292.3,14.21,68.6157142857,7.82,14.4842857143,14.485714285699999,27.4,13.1,34.7,20.0,32.9,0.3385317666666667,0.3510142666666667,27.475,12.216666666666667,34.7,18.933333333333334,32.9,1.1556102403709934
iq,2010,35,2010-09-03,0.3420143,0.30192859999999994,0.3147,0.381,59.06,300.224285714,301.535714286,295.2,310.6,294.1,41.1,77.2028571429,59.06,16.801428571400002,12.671428571400002,28.175,13.2,36.2,21.0,8.5,0.2854809666666667,0.2543667,27.97166666666667,12.339999999999998,35.23333333333333,19.766666666666666,16.866666666666667,1.8053184046652322
iq,2010,36,2010-09-10,0.1165833,0.1002833,0.14068329999999998,0.1138167,37.9,298.50142857099996,299.521428571,295.641428571,309.0,292.8,50.0,85.69142857140001,37.9,17.17,10.1,27.1,11.166666666700001,35.4,21.0,15.0,0.26666110000000004,0.2308706333333333,27.450000000000006,11.7,35.099999999999994,20.9,11.333333333333336,0.669674135250321
iq,2010,37,2010-09-17,0.2591667,0.26732,0.2123286,0.3265429,16.86,299.948571429,301.35,294.56,311.8,293.7,17.7,75.27,16.86,16.1342857143,12.614285714300001,28.225,13.175,35.2,21.0,4.1,0.2725984333333333,0.2735955666666667,28.1361111111,12.497222222233331,34.93333333333333,21.166666666666668,28.366666666666664,1.4948294040869936
iq,2010,38,2010-09-24,0.3062143,0.2635857,0.3215429,0.3791714000000001,46.96,298.70428571400004,300.414285714,295.687142857,309.2,293.7,156.0,85.72,46.96,17.2942857143,10.6285714286,28.866666666700002,13.066666666700002,36.2,19.1,26.9,0.3717476333333333,0.3801809333333333,28.1888888889,11.88055555556667,35.13333333333333,20.33333333333333,25.73333333333333,5.969624031173417
iq,2010,39,2010-10-01,0.3867857,0.3726286,0.3796143,0.3973571,28.63,300.064285714,301.678571429,294.244285714,311.5,293.3,13.16,73.5128571429,28.63,15.8042857143,13.2428571429,28.4,12.666666666700001,35.8,21.2,1.5,0.3586190333333333,0.3526533333333333,27.73333333333333,10.822222222233334,34.9,21.33333333333333,19.8,-1.1105774597671614
iq,2010,40,2010-10-08,0.30415,0.3368667,0.25388330000000003,0.3275333,26.29,301.935714286,303.328571429,294.082857143,314.1,294.8,249.4,66.31,26.29,15.707142857100001,13.628571428599999,29.08,14.38,38.4,20.5,14.1,0.30512143333333336,0.3123349333333333,27.91833333333333,12.176666666666668,36.266666666666666,20.466666666666672,29.399999999999995,2.903603801635189
iq,2010,41,2010-10-15,0.3290429,0.2942714,0.3070286,0.3938143,33.49,299.8,301.714285714,295.312857143,310.7,293.5,28.5,79.7628571429,33.49,16.8957142857,12.3142857143,28.65,12.5,35.7,19.8,25.9,0.2679619333333333,0.2630714333333333,28.316666666666666,11.666666666666664,34.86666666666667,21.233333333333334,38.066666666666656,7.215975197348815
iq,2010,42,2010-10-22,0.2441286,0.1928833,0.2322286,0.2819286,34.93,298.857142857,301.407142857,296.178571429,311.4,293.8,141.6,87.75285714290001,34.93,17.8028571429,12.614285714300001,27.8,13.5,35.0,19.8,8.1,0.22502856666666668,0.24250076666666665,28.258333333333336,11.822222222233336,35.23333333333333,21.066666666666666,10.766666666666666,15.164225553725762
iq,2010,43,2010-10-29,0.2396,0.2375286,0.1940714,0.2292,47.9,299.341428571,300.69285714299997,296.84,309.6,294.5,75.1,87.80285714290001,47.9,18.5414285714,9.78571428571,29.133333333299998,11.8666666667,36.0,21.2,4.0,0.3087142666666667,0.3123619333333333,27.888888888866664,11.055555555566663,35.13333333333333,21.466666666666672,34.43333333333334,7.110894223720015
iq,2010,44,2010-11-05,0.2840286,0.3218429,0.2682429,0.1984286,47.11,299.597142857,301.492857143,297.718571429,310.4,296.0,85.3,90.64,47.11,19.5771428571,9.81428571429,28.48,13.3,36.0,21.2,46.0,0.3510428666666667,0.35078570000000003,28.676666666666666,13.016666666666666,35.63333333333333,21.433333333333334,41.1,9.473055550709178
iq,2010,45,2010-11-12,0.3561857,0.3933286,0.2812,0.3909286,65.8,299.57285714299996,301.007142857,296.244285714,311.7,291.9,229.6,84.38571428569999,65.8,17.96,10.8428571429,28.8,14.725,37.4,20.0,35.8,0.2903333333333333,0.3752841333333334,28.8111111111,12.875,35.93333333333333,21.066666666666666,18.6,1.534793411860607
iq,2010,46,2010-11-19,0.1918714,0.2326571,0.2561857,0.1838714,62.56,298.30714285700003,300.35,296.478571429,309.8,293.5,143.1,91.34285714290002,62.56,18.1714285714,9.64285714286,27.35,11.825,35.1,20.5,41.1,0.2093762,0.2842968333333333,27.48333333333333,10.747222222233331,35.0,21.366666666666664,25.23333333333333,7.980407770179434
iq,2010,47,2010-11-26,0.3294714,0.3875286,0.3104,0.2884857,43.51,298.212857143,299.435714286,297.012857143,305.8,294.6,69.53,93.40714285709998,43.51,18.7542857143,7.32857142857,27.35,12.35,34.4,20.5,40.2,0.3201341333333333,0.34346190000000004,27.125,10.391666666666666,33.6,21.1,65.39999999999999,5.869283609537075
iq,2010,48,2010-12-03,0.1851,0.1840714,0.09825714,0.2526571,42.7,299.87857142900003,301.98571428599996,296.624285714,309.7,295.4,58.43,85.2885714286,42.7,18.4128571429,11.0571428571,28.65,12.55,36.2,20.9,17.0,0.3047571333333334,0.3032492,28.38333333333333,11.416666666666664,35.03333333333334,21.7,26.3,2.4407974872329192
iq,2010,49,2010-12-10,0.2064857,0.2436286,0.2296286,0.2305571,102.94,298.508571429,300.271428571,297.198571429,308.3,295.3,116.57,93.84142857139999,102.94,18.9628571429,8.17142857143,27.08,10.32,34.6,21.4,29.2,0.2672722333333333,0.2749266666666667,27.99333333333333,10.406666666666666,34.73333333333334,21.8,21.866666666666664,7.504400846075192
iq,2010,50,2010-12-17,0.3063571,0.2906714,0.33787140000000004,0.3118143,26.86,298.977142857,300.55714285700003,296.377142857,307.1,295.1,34.23,86.9057142857,26.86,18.0428571429,8.94285714286,28.7666666667,13.5333333333,36.2,21.8,9.2,0.2394976,0.2838095,27.948888888899997,11.7111111111,34.7,21.5,11.766666666666666,7.326900151456558
iq,2010,51,2010-12-24,0.2478143,0.1746,0.2196571,0.2418286,39.13,299.08,300.321428571,294.8,308.6,294.4,19.83,79.94857142859999,39.13,16.404285714300002,9.75714285714,28.0666666667,13.9666666667,36.2,20.5,7.1,0.2788325333333333,0.23432379999999997,28.0,11.333333333356668,34.766666666666666,21.66666666666667,25.200000000000006,-5.913919363765266
iq,2011,52,2011-01-01,0.2775,0.3043667,0.2356556,0.2894333,43.67,296.571428571,297.428571429,295.94,303.8,294.2,222.0,96.6271428571,43.67,17.5171428571,4.8,26.9,8.6,33.2,22.0,54.7,0.23505,0.27273335,27.7,9.8,33.6,22.1,55.95,-3.810337446747419
iq,2011,1,2011-01-08,0.3677429,0.3201429,0.31277140000000003,0.3882571,10.08,298.875714286,300.242857143,294.698571429,306.9,293.2,44.87,80.4528571429,10.08,16.4028571429,10.5142857143,27.85,12.35,36.0,21.2,0.0,0.2814857333333333,0.2748428666666667,28.1625,11.4,34.56666666666666,22.2,19.7,20.845269697918415
iq,2011,2,2011-01-15,0.2194429,0.2352833,0.2000286,0.2779857,48.87,298.168571429,299.464285714,296.037142857,306.6,295.0,134.5,89.6757142857,48.87,17.68,8.1,27.8333333333,10.8,34.4,21.5,33.0,0.21327620000000003,0.19734683333333333,27.244444444433327,9.316666666666668,32.9,21.633333333333336,44.83333333333334,17.39340000513532
iq,2011,3,2011-01-22,0.2611286,0.2940286,0.2393286,0.3210571,51.12,298.012857143,299.45,295.991428571,308.8,292.4,28.9,90.4542857143,51.12,17.6485714286,9.385714285710002,27.633333333299998,10.4666666667,34.1,21.0,40.9,0.23752856666666666,0.2479095333333333,27.288888888866662,9.311111111123331,32.96666666666666,21.466666666666672,85.06666666666669,19.87674984855455
iq,2011,4,2011-01-29,0.2402,0.2538286,0.2092286,0.2298429,53.22,298.424285714,299.571428571,294.29,306.8,293.1,9.4,80.1285714286,53.22,15.9285714286,10.2571428571,27.45,11.4,35.0,21.2,9.9,0.2439714333333333,0.21130476666666667,27.48333333333333,10.488888888866668,33.800000000000004,21.7,32.6,20.83046683326962
iq,2011,5,2011-02-05,0.17242860000000002,0.1657857,0.1928286,0.1904,50.2,297.481428571,298.44285714299997,295.76428571400004,306.3,291.9,98.7,91.44,50.2,17.3842857143,8.31428571429,28.0,11.4,34.0,20.5,34.3,0.21707856666666667,0.2357952333333333,27.28333333333333,9.133333333333336,33.3,21.9,36.2,19.650224600376117
iq,2011,6,2011-02-12,0.3101429,0.2193286,0.1789571,0.3013429,43.54,298.025714286,299.321428571,296.27,306.1,292.3,62.8,91.3385714286,43.54,17.93,9.58571428571,27.0,11.05,33.0,21.0,0.5,0.2505904666666667,0.2386619333333333,27.4,9.691666666666666,32.93333333333334,21.8,18.166666666666668,17.68398551934536
iq,2011,7,2011-02-19,0.28764290000000003,0.2826143,0.2644571,0.34597140000000004,60.97,297.587142857,299.071428571,296.56,306.4,294.3,280.42,94.5785714286,60.97,18.2271428571,8.0,27.4333333333,11.5333333333,33.6,21.0,41.2,0.25781906666666665,0.2412857333333333,27.411111111100002,9.6111111111,33.6,21.7,51.76666666666666,15.104793878449124
iq,2011,8,2011-02-26,0.16657139999999998,0.1742714,0.1805,0.1536429,76.73,297.75142857099996,299.007142857,296.784285714,305.5,292.6,45.9,94.8542857143,76.73,18.4785714286,8.67142857143,27.95,10.8,34.2,21.0,9.0,0.2128127,0.21745476666666666,27.712222222233333,10.413333333333334,34.03333333333333,21.466666666666672,28.5,13.211623135440252
iq,2011,9,2011-03-05,0.2160167,0.2520333,0.2109167,0.3020167,42.18,297.56142857099996,298.592857143,296.87857142900003,304.4,294.6,126.8,96.38285714290001,42.18,18.5814285714,6.35714285714,27.4666666667,11.566666666700002,34.2,20.5,13.3,0.2837968333333333,0.2990190333333333,27.222222222233327,10.144444444456667,33.53333333333334,20.9,87.56666666666666,14.863914943959655
iq,2011,10,2011-03-12,0.2821,0.2399143,0.2339,0.3507,101.98,297.341428571,298.45,296.24714285700003,304.4,293.4,87.4,94.4485714286,101.98,17.9,7.785714285710001,26.7,9.16666666667,33.4,21.4,22.0,0.2604571666666667,0.2586333333333333,27.0611111111,9.483333333333333,33.4,21.899999999999995,86.60000000000002,10.499193863814776
iq,2011,11,2011-03-19,0.3512429,0.3383286,0.3577857,0.3826429,49.58,297.991428571,299.007142857,296.22,305.5,293.2,54.1,91.1857142857,49.58,17.8757142857,8.92857142857,27.0,10.75,35.0,21.2,1.8,0.24520476666666666,0.2283928666666667,27.447222222233332,10.2611111111,33.833333333333336,21.73333333333333,33.96666666666667,7.0600403798730795
iq,2011,12,2011-03-26,0.13825710000000002,0.15471429999999994,0.1428286,0.19308570000000005,71.69,297.602857143,298.85,296.712857143,305.8,294.2,73.7,95.4257142857,71.69,18.3857142857,7.614285714289999,27.7571428571,10.857142857100001,35.2,21.0,44.9,0.22232856666666667,0.20448966666666668,27.619047619033328,10.232936507923334,34.7,21.53333333333333,31.366666666666664,8.683716945028706
iq,2011,13,2011-04-02,0.2292,0.2304,0.1851286,0.2082857,54.37,297.55,298.5,296.714285714,305.5,293.5,67.28,95.56,54.37,18.44,6.54285714286,26.9,10.5666666667,33.0,21.4,5.4,0.2497809666666667,0.21583253333333333,27.616666666666664,10.522222222233333,33.666666666666664,21.4,38.63333333333333,9.282485662905687
iq,2011,14,2011-04-09,0.3128143,0.31917140000000005,0.3774571,0.3847857,72.16,298.044285714,299.228571429,296.971428571,305.5,293.5,82.1,94.5657142857,72.16,18.6671428571,8.65714285714,27.9,9.7,34.2,20.6,47.0,0.25564286666666663,0.24629810000000002,28.15,10.094444444433334,34.13333333333333,21.366666666666664,50.63333333333333,4.268363200780737
iq,2011,15,2011-04-16,0.2731833,0.3287,0.2243571,0.3501714,64.17,296.652857143,297.73571428599996,296.205714286,303.9,293.4,81.2,97.59857142860001,64.17,17.8157142857,5.32857142857,26.1,9.2,33.4,21.2,48.8,0.2260468,0.24566190000000002,27.444444444433326,9.677777777776669,33.666666666666664,22.1,45.83333333333334,4.143365569477731
iq,2011,16,2011-04-23,0.2215571,0.2313714,0.1462571,0.1660429,112.69,296.714285714,297.385714286,296.19285714299997,303.5,293.5,101.0,97.3,112.69,17.81,5.5142857142900015,27.15,9.25,34.4,21.8,8.1,0.26953809999999995,0.2750508,27.67777777776667,9.666666666666666,33.9,22.3,91.23333333333332,2.3926089930148433
iq,2011,17,2011-04-30,0.2891,0.35406,0.1965571,0.2656857,89.33,297.277142857,298.614285714,296.77,305.2,292.8,97.2,97.3014285714,89.33,18.4471428571,7.65714285714,28.1,10.2,33.2,22.3,24.0,0.2846904666666667,0.3266676,27.62333333333333,9.55,33.2,21.9,35.6,2.6159095071559095
iq,2011,18,2011-05-07,0.2470143,0.27737140000000005,0.2767571,0.2252857,111.09,297.55,298.19285714299997,297.08428571400003,303.7,293.9,101.6,97.48142857139999,111.09,18.8042857143,6.18571428571,27.425,10.1,33.2,21.2,17.5,0.2813143,0.2778,27.413888888899997,11.330555555566669,33.86666666666667,20.4,31.433333333333334,3.5861961362361074
iq,2011,19,2011-05-14,0.2356143,0.36116,0.2586286,0.3281,53.29,295.50285714299997,296.478571429,294.28,304.7,291.9,42.6,93.8528571429,53.29,15.7828571429,5.7,26.3,8.55,30.8,21.5,39.3,0.31275240000000004,0.31139616666666664,27.200000000000006,9.383333333333333,32.86666666666667,21.1,18.5,6.54289545260846
iq,2011,20,2011-05-21,0.1068857,0.10865710000000002,0.12764289999999998,0.1072857,135.1,296.158571429,297.114285714,295.59,304.5,291.6,69.5,96.9114285714,135.1,17.1842857143,5.77142857143,27.0,8.26666666667,32.6,22.5,18.0,0.28025869999999997,0.25549679999999997,27.444444444433326,8.922222222223333,32.96666666666667,22.03333333333333,34.86666666666667,2.109605442371154
iq,2011,21,2011-05-28,0.2827571,0.2121714,0.2726429,0.3207,105.13,297.54,298.94285714299997,295.93142857099997,307.6,292.2,35.9,92.12857142860001,105.13,17.5457142857,9.54285714286,27.01666666665,9.375,33.2,21.8,38.1,0.23929046666666665,0.2370952,27.01666666665,9.375,33.0,21.8,52.16666666666666,2.561468219261667
iq,2011,22,2011-06-04,0.1145857,0.13027139999999998,0.14248570000000002,0.2094857,28.1,296.657142857,297.892857143,295.432857143,304.7,292.9,36.5,93.81,28.1,16.9585714286,8.07142857143,27.29,9.055,33.4,22.0,23.4,0.22142380000000006,0.2417238,27.29,9.055,33.03333333333333,22.0,41.53333333333333,3.0845511815226416
iq,2011,23,2011-06-11,0.2767571,0.2575857,0.1826571,0.3158571,152.32,295.778571429,296.464285714,294.741428571,306.6,291.7,36.7,94.9485714286,152.32,16.2171428571,6.15714285714,27.335,10.3975,31.4,21.35,27.2,0.2401095,0.2651190666666667,27.335,10.3975,32.53333333333333,21.35,36.0,6.41061979462043
iq,2011,24,2011-06-18,0.33931999999999995,0.26412,0.3501,0.3288,54.27,297.388571429,298.392857143,295.304285714,308.3,291.6,178.1,90.09,54.27,16.87,9.32857142857,26.02,9.6275,33.6,19.700000000000006,4.1,0.24773286666666666,0.2263384333333333,26.02,9.6275,33.46666666666667,19.700000000000006,54.63333333333333,3.6579804206399693
iq,2011,25,2011-06-25,0.1635429,0.2133143,0.19995710000000005,0.2143286,59.54,294.554285714,295.23571428599996,293.484285714,304.2,290.5,44.7,94.75,59.54,14.9828571429,5.72857142857,26.975,10.04,32.2,21.05,35.8,0.2625095333333333,0.2771,26.975,10.04,32.93333333333333,21.05,24.566666666666666,1.6060834555958177
iq,2011,26,2011-07-02,0.17824289999999998,0.1938714,0.2064714,0.17681429999999998,42.4,296.185714286,296.885714286,294.762857143,304.9,290.4,64.2,92.5014285714,42.4,16.3357142857,8.14285714286,27.257777777766666,10.6838888889,33.2,21.1,9.6,0.23084465,0.186582125,27.257777777766666,10.6838888889,33.35,21.1,18.175,5.111447566778425
iq,2011,27,2011-07-09,0.13975710000000002,0.13925,0.116,0.1848571,31.44,295.551428571,296.657142857,294.848571429,304.7,291.3,54.0,96.4942857143,31.44,16.3957142857,7.34285714286,26.4375,10.075,29.6,20.6,17.2,0.2338380666666667,0.2256960333333333,26.4375,10.075,31.46666666666667,20.6,14.366666666666667,1.1755053718934547
iq,2011,28,2011-07-16,0.3302,0.3348429,0.3249571,0.3198429,19.52,295.554285714,296.464285714,293.25142857099996,305.5,290.6,25.7,88.7785714286,19.52,14.787142857100001,9.27142857143,26.475,10.74642857145,31.8,19.5,21.1,0.2439286,0.32126666666666664,26.475,10.74642857145,32.4,20.3,19.2,2.044334258485571
iq,2011,29,2011-07-23,0.27787140000000005,0.2915143,0.2991143,0.3904714,70.29,297.205714286,298.721428571,294.161428571,306.6,290.9,24.8,85.5657142857,70.29,15.6885714286,10.5571428571,26.85,11.7,34.0,20.6,16.3,0.19915713666666668,0.2293618966666667,26.58333333333333,10.275,32.9,18.1,14.4,2.6258604212444743
iq,2011,30,2011-07-30,0.2031571,0.1922714,0.2074,0.2488833,105.88,296.48571428599996,298.071428571,294.448571429,304.5,291.3,19.6,90.07142857139999,105.88,15.944285714300001,10.5142857143,26.7333333333,10.633333333300001,33.0,21.0,38.8,0.3024380666666667,0.3081468,26.294444444433328,11.416666666666664,32.666666666666664,18.4,16.966666666666665,1.8858873881786649
iq,2011,31,2011-08-06,0.3812714,0.3726833,0.3742429,0.4643571,14.96,296.798571429,298.19285714299997,293.864285714,306.6,291.1,27.3,86.08285714290001,14.96,15.418571428599998,10.7571428571,27.4333333333,11.6,33.4,20.8,5.1,0.3283257,0.31908966666666666,27.211111111100003,12.133333333333333,33.73333333333333,20.366666666666664,32.766666666666666,3.0456591209361896
iq,2011,32,2011-08-13,0.3229143,0.3349429,0.29347140000000005,0.3355,7.3,297.45428571400004,299.05,294.522857143,307.9,290.9,79.9,86.3557142857,7.3,16.0328571429,11.642857142899999,27.02,11.56,34.2,20.4,0.0,0.314877,0.339977,26.817777777766665,12.331111111099998,34.2,19.066666666666666,0.0,9.68167980028962
iq,2011,33,2011-08-20,0.28664290000000003,0.2679667,0.2945571,0.3465429,24.95,297.928571429,298.992857143,292.11,308.3,291.6,10.4,73.6757142857,24.95,13.8428571429,11.671428571400002,27.85,11.95,34.8,21.2,11.2,0.2320079666666667,0.2159127,27.54166666666667,12.175,34.46666666666667,20.2,10.5,3.4978509845377177
iq,2011,34,2011-08-27,0.3120857,0.2748,0.2536,0.2944571,24.3,297.93857142900004,299.328571429,293.695714286,308.4,291.8,24.3,80.4857142857,24.3,15.3014285714,11.8,28.75,12.15,35.2,17.4,23.9,0.3385317666666667,0.3510142666666667,27.475,12.216666666666667,34.7,18.933333333333334,32.9,7.918005895418347
iq,2011,35,2011-09-03,0.3227286,0.3295429,0.2857571,0.3432857,30.18,298.15,299.8,293.241428571,309.0,290.9,14.4,77.5371428571,30.18,14.8728571429,13.2,28.1,12.2,34.2,17.8,25.1,0.2854809666666667,0.2543667,27.97166666666667,12.339999999999998,35.23333333333333,19.766666666666666,16.866666666666667,4.9677624324992085
iq,2011,36,2011-09-10,0.272,0.2638,0.26961430000000003,0.2356143,23.04,297.72,299.328571429,293.715714286,309.8,291.8,11.4,80.79,23.04,15.271428571400001,12.6571428571,27.8,12.2333333333,34.8,21.6,12.9,0.26666110000000004,0.2308706333333333,27.450000000000006,11.7,35.099999999999994,20.9,11.333333333333336,2.453966086203891
iq,2011,37,2011-09-17,0.16962860000000002,0.1409,0.1158,0.1237857,60.78,298.62857142900003,300.221428571,294.987142857,309.7,292.4,64.5,82.58428571430001,60.78,16.5585714286,11.042857142899999,27.5333333333,11.3666666667,34.4,21.5,66.0,0.2725984333333333,0.2735955666666667,28.1361111111,12.497222222233331,34.93333333333333,21.166666666666668,28.366666666666664,5.208635807109452
iq,2011,38,2011-09-24,0.4299857,0.4121571,0.27812859999999995,0.4019429,56.19,297.778571429,299.007142857,295.05,308.9,291.7,107.8,87.59,56.19,16.6157142857,12.014285714300001,27.65,10.65,33.8,21.4,29.0,0.3717476333333333,0.3801809333333333,28.1888888889,11.88055555556667,35.13333333333333,20.33333333333333,25.73333333333333,5.26269162661229
iq,2011,39,2011-10-01,0.3460143,0.2842714000000001,0.3458143,0.3687,55.53,298.015714286,299.23571428599996,295.832857143,307.3,292.0,90.9,89.44285714290001,55.53,17.4771428571,10.2714285714,26.8,7.3,33.3,22.2,29.0,0.3586190333333333,0.3526533333333333,27.73333333333333,10.822222222233334,34.9,21.33333333333333,19.8,1.0629190540615037
iq,2011,40,2011-10-08,0.3865,0.30827140000000003,0.4066143,0.3867429,62.22,297.098571429,298.135714286,295.755714286,306.7,291.9,47.5,93.28,62.22,17.3371428571,8.27142857143,27.525,11.0,34.2,21.1,38.8,0.30512143333333336,0.3123349333333333,27.91833333333333,12.176666666666668,36.266666666666666,20.466666666666672,29.399999999999995,4.815368938038336
iq,2011,41,2011-10-15,0.2673,0.2528143,0.2181429,0.2967,43.29,298.13,299.957142857,296.34,308.8,293.0,52.3,91.2657142857,43.29,18.0128571429,9.8,27.75,10.6,33.7,21.4,36.8,0.2679619333333333,0.2630714333333333,28.316666666666666,11.666666666666664,34.86666666666667,21.233333333333334,38.066666666666656,6.3420794553433915
iq,2011,42,2011-10-22,0.2488,0.2852857,0.2442571,0.2892143,51.74,299.761428571,301.078571429,296.897142857,308.8,295.5,35.7,86.1985714286,51.74,18.698571428599998,9.98571428571,28.975,10.9,34.7,22.8,10.2,0.22502856666666668,0.24250076666666665,28.258333333333336,11.822222222233336,35.23333333333333,21.066666666666666,10.766666666666666,3.926894844967505
iq,2011,43,2011-10-29,0.4231714,0.4198429,0.4419143,0.4397571,36.09,298.027142857,299.471428571,296.23571428599996,307.3,292.2,130.0,90.9985714286,36.09,17.9028571429,11.114285714300001,27.2333333333,11.5,34.2,21.2,61.7,0.3087142666666667,0.3123619333333333,27.888888888866664,11.055555555566663,35.13333333333333,21.466666666666672,34.43333333333334,11.126238968580873
iq,2011,44,2011-11-05,0.4194,0.3701571,0.3908143,0.3687571,25.73,298.482857143,299.835714286,296.044285714,308.4,291.3,51.2,88.5042857143,25.73,17.685714285699998,11.728571428599999,28.75,12.45,35.5,21.4,43.2,0.3510428666666667,0.35078570000000003,28.676666666666666,13.016666666666666,35.63333333333333,21.433333333333334,41.1,4.096378961640597
iq,2011,45,2011-11-12,0.27527140000000005,0.2726571,0.2768429,0.2208429,61.75,298.58428571400003,299.885714286,296.392857143,309.5,292.7,69.0,89.7214285714,61.75,18.11,11.7428571429,28.8,12.0,35.2,21.2,9.1,0.2903333333333333,0.3752841333333334,28.8111111111,12.875,35.93333333333333,21.066666666666666,18.6,23.534025614141555
iq,2011,46,2011-11-19,0.17292860000000002,0.2871167,0.1900857,0.2068429,64.85,297.92571428599996,298.87142857099997,296.64428571400003,305.2,294.0,243.6,93.3114285714,64.85,18.3614285714,7.4,27.6,10.8666666667,33.8,21.1,27.5,0.2093762,0.2842968333333333,27.48333333333333,10.747222222233331,35.0,21.366666666666664,25.23333333333333,7.8632706655645395
iq,2011,47,2011-11-26,0.3111167,0.34600000000000003,0.3280429,0.2765143,75.37,298.18142857099997,299.778571429,296.66,308.2,294.5,59.9,92.7,75.37,18.3685714286,8.5,27.375,11.175,34.2,20.7,92.0,0.3201341333333333,0.34346190000000004,27.125,10.391666666666666,33.6,21.1,65.39999999999999,4.917467772633967
iq,2011,48,2011-12-03,0.3528857,0.33753330000000004,0.31851430000000003,0.3172,61.58,298.792857143,300.064285714,296.471428571,307.6,294.2,40.0,88.88285714290001,61.58,18.1685714286,9.35714285714,28.45,11.675,35.1,22.0,11.9,0.3047571333333334,0.3032492,28.38333333333333,11.416666666666664,35.03333333333334,21.7,26.3,4.930623658007192
iq,2011,49,2011-12-10,0.2277143,0.2261714,0.2731857,0.2364286,72.47,298.23571428599996,299.642857143,296.592857143,306.0,294.3,50.2,91.95285714290002,72.47,18.338571428599998,9.14285714286,28.3,9.7,34.2,21.8,6.4,0.2672722333333333,0.2749266666666667,27.99333333333333,10.406666666666666,34.73333333333334,21.8,21.866666666666664,4.958904528694137
iq,2011,50,2011-12-17,0.2814857,0.2953,0.215,0.3746857,50.22,297.56142857099996,298.407142857,296.428571429,303.6,292.7,89.5,94.2557142857,50.22,18.1142857143,7.414285714289999,27.2,11.1,33.3,21.7,23.1,0.2394976,0.2838095,27.948888888899997,11.7111111111,34.7,21.5,11.766666666666666,69.7125294421015
iq,2011,51,2011-12-24,0.3317,0.3049,0.28745,0.2900143,104.91,297.221428571,298.042857143,296.375714286,304.9,293.0,172.0,95.78,104.91,18.067142857100002,7.314285714289999,27.7,9.96666666667,33.8,22.5,47.2,0.2788325333333333,0.23432379999999997,28.0,11.333333333356668,34.766666666666666,21.66666666666667,25.200000000000006,17.766654747857086
iq,2012,52,2012-01-01,0.1926,0.2411,0.2246625,0.18485,83.53,298.224285714,299.771428571,296.87,305.5,294.0,120.4,93.2642857143,83.53,18.5814285714,8.17142857143,28.5,11.0,34.0,22.2,57.2,0.23505,0.27273335,27.7,9.8,33.6,22.1,55.95,12.658553464262283
iq,2012,1,2012-01-08,0.2208857,0.2357286,0.2602714,0.3218143,55.26,296.638571429,297.2,296.13428571400004,303.1,293.8,140.8,97.4357142857,55.26,17.7657142857,5.8,28.1625,11.4,32.8,22.6,35.3,0.2814857333333333,0.2748428666666667,28.1625,11.4,34.56666666666666,22.2,19.7,12.341922725200167
iq,2012,2,2012-01-15,0.2321571,0.2176143,0.2224143,0.2433857,73.85,296.97,298.178571429,296.29571428599996,304.6,292.7,116.8,96.44285714290001,73.85,17.9128571429,7.44285714286,27.45,9.25,33.1,22.2,14.7,0.21327620000000003,0.19734683333333333,27.244444444433327,9.316666666666668,32.9,21.633333333333336,44.83333333333334,12.38534645045958
iq,2012,3,2012-01-22,0.1992571,0.2649571,0.2363,0.2097571,139.06,296.912857143,297.757142857,295.951428571,306.3,293.2,99.8,95.2585714286,139.06,17.57,6.57142857143,27.5333333333,10.0,33.0,20.8,132.3,0.23752856666666666,0.2479095333333333,27.288888888866662,9.311111111123331,32.96666666666666,21.466666666666672,85.06666666666669,16.357236777544394
iq,2012,4,2012-01-29,0.3079857,0.2530286,0.34325,0.3178857,69.24,297.39,298.471428571,295.48571428599996,306.3,292.1,46.0,90.56285714290001,69.24,17.0971428571,9.42857142857,27.0333333333,10.0333333333,32.8,21.4,51.1,0.2439714333333333,0.21130476666666667,27.48333333333333,10.488888888866668,33.800000000000004,21.7,32.6,21.18450774901097
iq,2012,5,2012-02-05,0.10995,0.1662714,0.2246429,0.2218857,56.99,297.435714286,298.657142857,296.43857142900004,305.3,292.3,65.7,95.0128571429,56.99,18.1057142857,7.82857142857,27.15,9.55,32.6,22.0,23.0,0.21707856666666667,0.2357952333333333,27.28333333333333,9.133333333333336,33.3,21.9,36.2,20.315850097996037
iq,2012,6,2012-02-12,0.1666714,0.2257429,0.2215,0.2202714,25.76,297.17,298.228571429,296.624285714,306.0,294.9,245.1,97.1685714286,25.76,18.3,5.37142857143,26.85,8.975,32.4,22.0,39.0,0.2505904666666667,0.2386619333333333,27.4,9.691666666666666,32.93333333333334,21.8,18.166666666666668,12.043195284694145
iq,2012,7,2012-02-19,0.2187857,0.2505143,0.2702143,0.3822,135.04,296.898571429,298.342857143,295.92714285700004,307.1,293.1,75.9,94.95142857139999,135.04,17.5585714286,8.31428571429,27.0,8.7,33.4,21.7,94.5,0.25781906666666665,0.2412857333333333,27.411111111100002,9.6111111111,33.6,21.7,51.76666666666666,20.886024087558017
iq,2012,8,2012-02-26,0.1739,0.15034289999999995,0.16594289999999998,0.1458,96.59,298.098571429,299.45,295.17714285700004,306.9,293.1,62.8,86.16571428569998,96.59,16.8371428571,10.042857142899999,28.0666666667,11.2,34.9,21.7,43.2,0.2128127,0.21745476666666666,27.712222222233333,10.413333333333334,34.03333333333333,21.466666666666672,28.5,17.805780924047077
iq,2012,9,2012-03-04,0.2898571,0.2981571,0.2441429,0.2734143,121.79,296.51428571400004,297.614285714,295.36714285700003,303.5,291.9,50.3,94.08,121.79,16.9657142857,7.6,26.6,9.3,32.2,20.4,138.1,0.2837968333333333,0.2990190333333333,27.222222222233327,10.144444444456667,33.53333333333334,20.9,87.56666666666666,18.202173376110927
iq,2012,10,2012-03-11,0.2039286,0.2261286,0.2998429,0.17798570000000002,144.65,297.038571429,298.007142857,296.195714286,305.1,293.7,118.2,95.76857142860001,144.65,17.8057142857,6.78571428571,26.75,9.75,32.6,21.7,87.9,0.2604571666666667,0.2586333333333333,27.0611111111,9.483333333333333,33.4,21.899999999999995,86.60000000000002,8.991316006788956
iq,2012,11,2012-03-18,0.1607,0.2274,0.2210571,0.2001571,79.25,296.352857143,297.55,295.534285714,306.0,292.1,79.2,95.7842857143,79.25,17.108571428599998,7.014285714289999,26.975,9.5,32.2,21.8,65.0,0.24520476666666666,0.2283928666666667,27.447222222233332,10.2611111111,33.833333333333336,21.73333333333333,33.96666666666667,7.3401307693713385
iq,2012,12,2012-03-25,0.2969286,0.2631714000000001,0.2453,0.2680143,68.24,297.078571429,297.935714286,295.317142857,306.7,291.5,124.1,91.3385714286,68.24,16.8842857143,9.5,27.2,10.675,34.0,20.8,49.2,0.22232856666666667,0.20448966666666668,27.619047619033328,10.232936507923334,34.7,21.53333333333333,31.366666666666664,9.43990951585126
iq,2012,13,2012-04-01,0.2567143,0.2064833,0.2472429,0.2021,149.88,298.25,299.2,296.47,305.4,293.5,59.9,91.5428571429,149.88,18.1457142857,8.68571428571,27.8,9.85,33.8,20.8,39.9,0.2497809666666667,0.21583253333333333,27.616666666666664,10.522222222233333,33.666666666666664,21.4,38.63333333333333,5.623545547823281
iq,2012,14,2012-04-08,0.2305714,0.21118,0.1904143,0.2078286,102.08,296.242857143,297.15,295.847142857,304.5,291.9,139.1,97.89285714290001,102.08,17.4257142857,5.78571428571,27.85,9.75,33.4,21.7,68.1,0.25564286666666663,0.24629810000000002,28.15,10.094444444433334,34.13333333333333,21.366666666666664,50.63333333333333,2.51850480760522
iq,2012,15,2012-04-15,0.14175710000000002,0.17088570000000006,0.1451571,0.2036429,84.86,297.63,299.3,296.705714286,306.6,293.3,109.5,95.3657142857,84.86,18.42,8.94285714286,28.6,10.3,34.0,23.1,34.6,0.2260468,0.24566190000000002,27.444444444433326,9.677777777776669,33.666666666666664,22.1,45.83333333333334,1.8063975107656185
iq,2012,16,2012-04-22,0.2780286,0.3235143,0.2937571,0.3791286,85.81,297.7,298.728571429,296.85571428599997,304.9,293.7,125.8,95.76,85.81,18.525714285699998,7.22857142857,27.55,9.75,33.1,22.7,212.0,0.26953809999999995,0.2750508,27.67777777776667,9.666666666666666,33.9,22.3,91.23333333333332,3.658672455961193
iq,2012,17,2012-04-29,0.3716571,0.3788857,0.4530429,0.4126143,49.66,297.60571428599997,298.592857143,296.268571429,307.1,292.2,92.2,93.5957142857,49.66,17.8771428571,8.04285714286,27.82,9.1,32.8,22.2,7.9,0.2846904666666667,0.3266676,27.62333333333333,9.55,33.2,21.9,35.6,6.276721761045937
iq,2012,18,2012-05-06,0.2117857,0.1863286,0.1939571,0.2609,61.7,297.028571429,298.65,296.241428571,307.5,293.4,56.6,95.93,61.7,17.8828571429,8.87142857143,27.5666666667,10.7666666667,33.4,21.8,67.9,0.2813143,0.2778,27.413888888899997,11.330555555566669,33.86666666666667,20.4,31.433333333333334,4.527316496038785
iq,2012,19,2012-05-13,0.3063,0.2805571,0.2832857,0.3039857,50.85,296.07428571400004,297.064285714,294.828571429,304.0,289.8,39.92,93.5171428571,50.85,16.391428571400002,8.15714285714,26.85,9.75,33.2,19.4,9.1,0.31275240000000004,0.31139616666666664,27.200000000000006,9.383333333333333,32.86666666666667,21.1,18.5,2.8767003764186003
iq,2012,20,2012-05-20,0.3813333,0.3767833,0.3292333,0.4714667,80.29,297.374285714,298.1,296.215714286,304.3,291.2,57.8,94.1742857143,80.29,17.814285714300002,8.42857142857,27.1,9.1,32.2,22.2,48.0,0.28025869999999997,0.25549679999999997,27.444444444433326,8.922222222223333,32.96666666666667,22.03333333333333,34.86666666666667,2.8742407342149194
iq,2012,21,2012-05-27,0.1982857,0.2052571,0.2014286,0.1702143,39.78,296.19,297.6,294.81,305.3,291.5,42.7,93.1985714286,39.78,16.2957142857,8.94285714286,27.4,9.85,33.0,21.8,21.1,0.23929046666666665,0.2370952,27.01666666665,9.375,33.0,21.8,52.16666666666666,3.5758939958683738
iq,2012,22,2012-06-03,0.2482143,0.2148714,0.2555857,0.2077857,26.31,297.257142857,298.578571429,294.668571429,308.1,291.3,16.5,87.76,26.31,16.22,11.1571428571,27.18,9.06,33.1,22.2,68.2,0.22142380000000006,0.2417238,27.29,9.055,33.03333333333333,22.0,41.53333333333333,2.406815811990981
iq,2012,23,2012-06-10,0.1959714,0.2414286,0.1822857,0.1427714,14.46,297.525714286,298.992857143,295.205714286,306.0,291.4,35.4,88.53857142860001,14.46,16.7171428571,9.92857142857,27.15,10.075,32.4,21.3,12.8,0.2401095,0.2651190666666667,27.335,10.3975,32.53333333333333,21.35,36.0,2.520072009449394
iq,2012,24,2012-06-17,0.16515,0.1638667,0.2271333,0.1948667,55.98,296.212857143,297.1,294.328571429,304.9,288.3,39.0,90.62857142860001,55.98,15.8771428571,10.0571428571,24.84,9.18,34.2,17.8,66.6,0.24773286666666666,0.2263384333333333,26.02,9.6275,33.46666666666667,19.700000000000006,54.63333333333333,2.5458385275586926
iq,2012,25,2012-06-24,0.3135571,0.3152857,0.3249714,0.3508857,33.63,297.05,298.742857143,295.172857143,306.8,291.0,25.5,90.75,33.63,16.6942857143,12.3428571429,27.25,11.6,34.4,20.3,3.8,0.2625095333333333,0.2771,26.975,10.04,32.93333333333333,21.05,24.566666666666666,7.273062289416925
iq,2012,26,2012-07-01,0.2218857,0.16988570000000006,0.2181286,0.1972,89.4,297.447142857,298.65,294.972857143,308.0,291.9,181.0,88.5514285714,89.4,16.4642857143,11.271428571400001,26.9833333333,11.6166666667,33.8,19.8,37.0,0.23084465,0.186582125,27.257777777766666,10.6838888889,33.35,21.1,18.175,5.660074904404453
iq,2012,27,2012-07-08,0.2701,0.2655714,0.28682859999999993,0.16595710000000002,19.02,295.74857142900004,297.48571428599996,294.511428571,303.8,290.8,36.2,93.6685714286,19.02,16.02,9.71428571429,25.85,10.525,31.8,20.0,17.0,0.2338380666666667,0.2256960333333333,26.4375,10.075,31.46666666666667,20.6,14.366666666666667,2.2236764934479587
iq,2012,28,2012-07-15,0.1930429,0.2625,0.14305710000000002,0.2026857,87.2,296.934285714,297.6,294.104285714,306.1,290.6,64.1,86.65714285709998,87.2,15.642857142899999,9.45714285714,26.0,11.142857142899999,32.0,19.8,13.9,0.2439286,0.32126666666666664,26.475,10.74642857145,32.4,20.3,19.2,2.764891104059714
iq,2012,29,2012-07-22,0.2303143,0.3333571,0.1943143,0.2443,51.46,297.5,299.385714286,294.89,306.7,292.0,147.8,87.7328571429,51.46,16.4885714286,10.0571428571,26.0,9.425,31.4,19.5,22.1,0.19915713666666668,0.2293618966666667,26.58333333333333,10.275,32.9,18.1,14.4,3.663193544167651
iq,2012,30,2012-07-29,0.3980571,0.4044857,0.3445,0.4733,35.72,295.854285714,296.314285714,291.95428571400004,304.1,286.2,15.5,81.1028571429,35.72,13.7371428571,10.3714285714,25.1,11.7666666667,31.5,17.3,9.1,0.3024380666666667,0.3081468,26.294444444433328,11.416666666666664,32.666666666666664,18.4,16.966666666666665,4.962485440617608
iq,2012,31,2012-08-05,0.2616857,0.27972859999999994,0.1777143,0.2920857,37.23,296.332857143,297.757142857,293.75,306.9,291.1,16.3,87.39,37.23,15.2785714286,10.0857142857,26.5,12.2,33.8,20.3,1.0,0.3283257,0.31908966666666666,27.211111111100003,12.133333333333333,33.73333333333333,20.366666666666664,32.766666666666666,1.775107407144033
iq,2012,32,2012-08-12,0.2895,0.30017140000000003,0.2397429,0.30877140000000003,16.38,297.657142857,298.828571429,292.92,307.9,289.3,8.9,77.6428571429,16.38,14.56,13.114285714300001,27.0,13.4,34.2,18.3,0.0,0.314877,0.339977,26.817777777766665,12.331111111099998,34.2,19.066666666666666,0.0,3.5948573439728086
iq,2012,33,2012-08-19,0.1875667,0.1556714,0.1806,0.2584,12.93,297.988571429,299.464285714,292.655714286,308.3,288.4,29.5,76.5642857143,12.93,14.45,13.014285714300001,27.5,13.2,34.6,18.4,0.0,0.2320079666666667,0.2159127,27.54166666666667,12.175,34.46666666666667,20.2,10.5,5.188752577370282
iq,2012,34,2012-08-26,0.3844667,0.4623714,0.4074143,0.5290429,37.47,297.218571429,298.5,295.03,309.2,290.9,102.9,89.8471428571,37.47,16.5628571429,10.285714285700001,26.275,11.4,34.2,19.4,41.9,0.3385317666666667,0.3510142666666667,27.475,12.216666666666667,34.7,18.933333333333334,32.9,4.090461686568205
iq,2012,35,2012-09-02,0.1917,0.1316286,0.1595714,0.1665,34.14,298.911428571,299.564285714,293.958571429,310.0,292.1,39.7,76.9514285714,34.14,15.578571428599998,13.042857142899999,27.64,11.62,35.3,20.5,17.0,0.2854809666666667,0.2543667,27.97166666666667,12.339999999999998,35.23333333333333,19.766666666666666,16.866666666666667,6.836291937776341
iq,2012,36,2012-09-09,0.4114,0.32852859999999995,0.2673286,0.3661143,6.4,297.892857143,298.95,293.768571429,308.5,291.9,12.9,80.22857142859999,6.4,15.292857142899999,11.014285714300001,27.450000000000006,11.7,35.099999999999994,20.1,6.1,0.26666110000000004,0.2308706333333333,27.450000000000006,11.7,35.099999999999994,20.9,11.333333333333336,2.449978247760601
iq,2012,37,2012-09-16,0.389,0.4125667000000001,0.2652571,0.3849286,50.0,298.17571428599996,299.978571429,294.32428571400004,310.0,292.2,25.8,82.6628571429,50.0,15.838571428599998,12.9,28.65,12.95,35.2,21.0,15.0,0.2725984333333333,0.2735955666666667,28.1361111111,12.497222222233331,34.93333333333333,21.166666666666668,28.366666666666664,1.078560098661699
iq,2012,38,2012-09-23,0.3790429,0.4648,0.426,0.4304143,12.4,299.42571428599996,301.092857143,293.414285714,310.5,293.2,8.5,72.5357142857,12.4,14.9942857143,14.014285714300001,28.05,11.925,35.4,20.5,21.3,0.3717476333333333,0.3801809333333333,28.1888888889,11.88055555556667,35.13333333333333,20.33333333333333,25.73333333333333,1.0474833965011714
iq,2012,39,2012-09-30,0.3430571,0.40106,0.2842714000000001,0.3159714,48.42,299.097142857,300.814285714,294.75,309.8,293.5,58.7,79.9128571429,48.42,16.3085714286,12.542857142899999,28.0,12.5,35.6,20.6,28.9,0.3586190333333333,0.3526533333333333,27.73333333333333,10.822222222233334,34.9,21.33333333333333,19.8,5.096852048703741
iq,2012,40,2012-10-07,0.2247143,0.2918667,0.14142860000000002,0.2094571,55.11,298.047142857,299.12142857099997,294.288571429,309.7,289.7,27.7,82.6157142857,55.11,15.8328571429,11.7,27.15,11.15,36.2,19.8,35.3,0.30512143333333336,0.3123349333333333,27.91833333333333,12.176666666666668,36.266666666666666,20.466666666666672,29.399999999999995,5.601702856017732
iq,2012,41,2012-10-14,0.2075429,0.2421286,0.2069429,0.1810857,59.72,298.994285714,300.528571429,296.07285714299996,309.3,294.6,73.8,86.61714285709999,59.72,17.7814285714,10.6285714286,28.55,11.9,35.2,22.5,51.5,0.2679619333333333,0.2630714333333333,28.316666666666666,11.666666666666664,34.86666666666667,21.233333333333334,38.066666666666656,8.706727656915831
iq,2012,42,2012-10-21,0.1821571,0.2493333,0.2398857,0.2293286,51.03,298.435714286,299.921428571,295.825714286,308.3,293.5,35.3,87.4685714286,51.03,17.4157142857,10.7857142857,28.0,11.066666666700002,36.0,20.6,14.0,0.22502856666666668,0.24250076666666665,28.258333333333336,11.822222222233336,35.23333333333333,21.066666666666666,10.766666666666666,7.498211919412499
iq,2012,43,2012-10-28,0.26337140000000003,0.2797143,0.2138429,0.3182429,65.1,298.312857143,299.757142857,296.812857143,310.1,293.6,58.5,93.0357142857,65.1,18.5742857143,9.34285714286,27.3,9.8,35.2,22.0,37.6,0.3087142666666667,0.3123619333333333,27.888888888866664,11.055555555566663,35.13333333333333,21.466666666666672,34.43333333333334,6.7226072640962835
iq,2012,44,2012-11-04,0.3497,0.3603571,0.3145714000000001,0.29667140000000003,44.15,299.42571428599996,301.064285714,296.327142857,309.4,293.6,51.0,85.7314285714,44.15,18.0328571429,11.7571428571,28.8,13.3,35.4,21.7,34.1,0.3510428666666667,0.35078570000000003,28.676666666666666,13.016666666666666,35.63333333333333,21.433333333333334,41.1,18.264942156725716
iq,2012,45,2012-11-11,0.2395429,0.4598667,0.28422859999999994,0.29581430000000003,44.25,299.18857142900004,300.607142857,296.151428571,308.7,293.7,32.9,85.1385714286,44.25,17.8114285714,11.042857142899999,28.8333333333,11.9,35.2,22.0,10.9,0.2903333333333333,0.3752841333333334,28.8111111111,12.875,35.93333333333333,21.066666666666666,18.6,6.0097700960642975
iq,2012,46,2012-11-18,0.2633286,0.3331167,0.2090286,0.2533857,44.21,298.95428571400004,300.55714285700003,297.048571429,309.2,294.5,52.31,91.38285714290001,44.21,18.842857142899998,10.714285714299999,27.5,9.55,36.1,22.5,7.1,0.2093762,0.2842968333333333,27.48333333333333,10.747222222233331,35.0,21.366666666666664,25.23333333333333,11.850410320617009
iq,2012,47,2012-11-25,0.3198143,0.2968571,0.27247140000000003,0.34932859999999993,47.31,297.89,298.75,297.517142857,302.8,294.3,107.7,97.9828571429,47.31,19.342857142899998,6.12857142857,26.65,7.65,32.2,22.1,64.0,0.3201341333333333,0.34346190000000004,27.125,10.391666666666666,33.6,21.1,65.39999999999999,15.640456477071186
iq,2012,48,2012-12-02,0.3762857,0.3881429,0.4332286,0.3629143,42.66,298.37142857099997,299.19285714299997,297.72571428599997,306.4,295.0,85.7,96.5728571429,42.66,19.5985714286,7.47142857143,28.05,10.025,33.8,22.2,50.0,0.3047571333333334,0.3032492,28.38333333333333,11.416666666666664,35.03333333333334,21.7,26.3,3.426079353578504
iq,2012,49,2012-12-09,0.3676167,0.35498,0.3258167,0.28113330000000003,35.15,299.16,300.528571429,296.494285714,307.1,294.7,38.0,87.35714285709999,35.15,18.2014285714,10.1714285714,28.6,11.2,35.4,22.2,30.0,0.2672722333333333,0.2749266666666667,27.99333333333333,10.406666666666666,34.73333333333334,21.8,21.866666666666664,9.018836109047603
iq,2012,50,2012-12-16,0.13065,0.2654571,0.2230429,0.13651670000000002,102.24,298.66571428599997,299.914285714,297.082857143,306.5,294.4,76.7,92.02285714290001,102.24,18.8442857143,9.28571428571,27.88,10.5,34.6,21.0,3.0,0.2394976,0.2838095,27.948888888899997,11.7111111111,34.7,21.5,11.766666666666666,14.406578973714216
iq,2012,51,2012-12-23,0.2569833,0.2234714,0.2338833,0.2531,50.42,298.612857143,299.771428571,297.228571429,305.8,294.1,70.8,92.92,50.42,19.0285714286,8.6,28.2333333333,10.0666666667,34.3,22.0,21.3,0.2788325333333333,0.23432379999999997,28.0,11.333333333356668,34.766666666666666,21.66666666666667,25.200000000000006,1.2840715406192362
iq,2013,1,2013-01-01,0.2558286,0.2686571,0.2684143,0.2444714,35.33,298.007142857,298.771428571,296.598571429,303.9,294.1,66.7,92.86285714290001,35.33,18.2628571429,6.62857142857,28.475,10.45,34.9,22.8,23.8,0.2814857333333333,0.2748428666666667,28.1625,11.4,34.56666666666666,22.2,19.7,15.10594256662415
iq,2013,2,2013-01-08,0.1882286,0.1391429,0.2527286,0.1705857,33.14,296.241428571,297.4,295.275714286,306.7,292.9,53.1,95.2328571429,33.14,16.788571428599994,6.57142857143,26.45,7.9,31.2,21.2,86.8,0.21327620000000003,0.19734683333333333,27.244444444433327,9.316666666666668,32.9,21.633333333333336,44.83333333333334,26.722853430065644
iq,2013,3,2013-01-15,0.2522,0.1847429,0.2417,0.2330143,44.02,296.971428571,298.021428571,295.312857143,306.8,292.8,44.6,91.80285714290001,44.02,16.9028571429,7.52857142857,26.7,7.466666666669999,31.8,22.6,82.0,0.23752856666666666,0.2479095333333333,27.288888888866662,9.311111111123331,32.96666666666666,21.466666666666672,85.06666666666669,21.731723103970438
iq,2013,4,2013-01-22,0.1837286,0.1270571,0.1659857,0.1637286,97.26,297.698571429,298.964285714,296.708571429,306.9,293.6,71.9,94.8728571429,97.26,18.391428571400002,8.21428571429,27.9666666667,10.0333333333,33.6,22.5,36.8,0.2439714333333333,0.21130476666666667,27.48333333333333,10.488888888866668,33.800000000000004,21.7,32.6,19.72838616348648
iq,2013,5,2013-01-29,0.3688571,0.3753286,0.33687140000000004,0.4180143,43.53,297.625714286,298.571428571,296.04571428599996,307.4,292.7,88.6,92.5128571429,43.53,17.6185714286,7.6,26.7,6.45,33.3,23.2,51.3,0.21707856666666667,0.2357952333333333,27.28333333333333,9.133333333333336,33.3,21.9,36.2,34.11690536615199
iq,2013,6,2013-02-05,0.2749571,0.2709143,0.2930429,0.2944,97.8,298.005714286,299.678571429,296.98571428599996,307.1,293.9,104.2,94.75285714290001,97.8,18.724285714300002,9.52857142857,28.35,9.05,33.4,22.4,15.0,0.2505904666666667,0.2386619333333333,27.4,9.691666666666666,32.93333333333334,21.8,18.166666666666668,14.4181728486073
iq,2013,7,2013-02-12,0.26702859999999995,0.1907286,0.2791857,0.2821857,129.23,297.817142857,298.992857143,296.377142857,305.3,293.5,188.1,92.9057142857,129.23,18.04,7.785714285710001,27.8,8.6,33.8,22.4,19.6,0.25781906666666665,0.2412857333333333,27.411111111100002,9.6111111111,33.6,21.7,51.76666666666666,17.636255536684406
iq,2013,8,2013-02-19,0.2979667,0.32775,0.2443571,0.30867140000000004,66.47,297.74714285700003,298.94285714299997,296.782857143,305.5,294.1,152.4,95.3114285714,66.47,18.4657142857,6.914285714289999,27.12,9.24,33.0,21.7,33.3,0.2128127,0.21745476666666666,27.712222222233333,10.413333333333334,34.03333333333333,21.466666666666672,28.5,15.340550924215894
iq,2013,9,2013-02-26,0.3455167,0.3468667,0.3371167,0.38255,39.19,297.0,298.707142857,296.245714286,305.9,292.7,62.4,96.02285714290001,39.19,17.891428571400002,7.7,27.6,9.56666666667,34.2,21.8,111.3,0.2837968333333333,0.2990190333333333,27.222222222233327,10.144444444456667,33.53333333333334,20.9,87.56666666666666,15.560548768032705
iq,2013,10,2013-03-05,0.2953429,0.3098571,0.2546857,0.2637286,111.09,296.958571429,298.064285714,296.47,303.7,294.2,69.2,97.4785714286,111.09,18.12,6.18571428571,27.7333333333,9.53333333333,34.2,22.6,149.9,0.2604571666666667,0.2586333333333333,27.0611111111,9.483333333333333,33.4,21.899999999999995,86.60000000000002,14.14760729397197
iq,2013,11,2013-03-12,0.2236714,0.11945,0.2248,0.2283714,27.21,297.935714286,299.62142857099997,297.038571429,305.4,294.4,97.0,95.54,27.21,18.7542857143,8.32857142857,28.366666666700002,10.5333333333,34.3,22.2,35.1,0.24520476666666666,0.2283928666666667,27.447222222233332,10.2611111111,33.833333333333336,21.73333333333333,33.96666666666667,5.412798601355344
iq,2013,12,2013-03-19,0.2318,0.1955833,0.2047857,0.2501857,76.86,298.18857142900004,299.407142857,297.562857143,305.3,294.6,111.3,96.7485714286,76.86,19.3771428571,7.12857142857,27.9,9.16666666667,34.9,22.8,0.0,0.22232856666666667,0.20448966666666668,27.619047619033328,10.232936507923334,34.7,21.53333333333333,31.366666666666664,12.583679223981017
iq,2013,13,2013-03-26,0.2634286,0.2106143,0.2694143,0.2458714,104.47,298.327142857,299.885714286,297.141428571,307.5,294.1,81.72,94.2185714286,104.47,18.8928571429,8.94285714286,28.15,11.15,34.2,22.0,70.6,0.2497809666666667,0.21583253333333333,27.616666666666664,10.522222222233333,33.666666666666664,21.4,38.63333333333333,6.165146458324102
iq,2013,14,2013-04-02,0.2235429,0.2085429,0.2399714,0.2185571,122.6,297.62142857099997,299.157142857,296.518571429,305.3,294.3,131.3,94.63,122.6,18.1485714286,8.0,28.7,10.833333333299999,34.8,21.8,36.8,0.25564286666666663,0.24629810000000002,28.15,10.094444444433334,34.13333333333333,21.366666666666664,50.63333333333333,9.560866086605138
iq,2013,15,2013-04-09,0.2632,0.2374,0.2501429,0.1991143,88.07,297.754285714,299.48571428599996,296.3,307.9,293.7,52.2,93.09142857139999,88.07,17.91,9.4,27.633333333299998,9.53333333333,33.6,22.0,54.1,0.2260468,0.24566190000000002,27.444444444433326,9.677777777776669,33.666666666666664,22.1,45.83333333333334,4.0060903016085785
iq,2013,16,2013-04-16,0.3090286,0.2702667,0.2355,0.2596857,44.3,298.647142857,299.778571429,296.885714286,309.5,294.0,121.0,91.86285714290001,44.3,18.6328571429,8.35714285714,28.3333333333,10.0,34.2,22.4,53.6,0.26953809999999995,0.2750508,27.67777777776667,9.666666666666666,33.9,22.3,91.23333333333332,5.992433945411268
iq,2013,17,2013-04-23,0.1933143,0.2470571,0.2756429,0.3727286,71.07,297.202857143,297.928571429,296.56142857099996,304.0,293.0,58.2,96.58,71.07,18.18,7.2,26.95,9.35,33.6,21.2,74.9,0.2846904666666667,0.3266676,27.62333333333333,9.55,33.2,21.9,35.6,4.2465910927113795
iq,2013,18,2013-04-30,0.3851429,0.3697,0.3759333,0.3542143,2.28,297.981428571,299.2,293.228571429,308.6,289.4,2.6,77.7571428571,2.28,14.8528571429,14.2857142857,27.25,13.125,35.0,18.2,8.9,0.2813143,0.2778,27.413888888899997,11.330555555566669,33.86666666666667,20.4,31.433333333333334,2.590608887387041
iq,2013,19,2013-05-07,0.3963429,0.29247140000000005,0.3334,0.3522714,62.52,298.31,299.792857143,296.792857143,307.8,293.3,52.6,92.25,62.52,18.4785714286,9.67142857143,28.45,9.85,34.6,22.4,7.1,0.31275240000000004,0.31139616666666664,27.200000000000006,9.383333333333333,32.86666666666667,21.1,18.5,2.4068986394429333
iq,2013,20,2013-05-14,0.3525571,0.28105,0.30707140000000005,0.2774,46.27,297.36714285700003,298.157142857,296.435714286,304.0,293.3,105.7,95.3385714286,46.27,18.038571428599997,6.4,28.2333333333,9.4,34.1,21.4,38.6,0.28025869999999997,0.25549679999999997,27.444444444433326,8.922222222223333,32.96666666666667,22.03333333333333,34.86666666666667,3.336304248301975
iq,2013,21,2013-05-21,0.2368286,0.2938571,0.2234429,0.29942859999999993,87.29,296.88,297.792857143,295.85,305.8,292.5,124.2,94.74,87.29,17.3828571429,6.7,26.633333333299998,8.9,32.8,21.8,97.3,0.23929046666666665,0.2370952,27.01666666665,9.375,33.0,21.8,52.16666666666666,4.253334584666435
iq,2013,22,2013-05-28,0.3014714000000001,0.3800286,0.28062859999999995,0.3831857,41.12,297.77428571400003,298.964285714,295.638571429,305.5,292.7,67.6,89.99,41.12,17.185714285699998,10.1,27.4,9.05,32.6,21.8,33.0,0.22142380000000006,0.2417238,27.29,9.055,33.03333333333333,22.0,41.53333333333333,4.9956106176648225
iq,2013,23,2013-06-04,0.2476,0.2963429,0.28537140000000005,0.3503571,71.52,297.167142857,298.328571429,295.845714286,306.3,291.6,45.7,93.8914285714,71.52,17.448571428599998,9.65714285714,27.52,10.72,33.8,21.4,68.0,0.2401095,0.2651190666666667,27.335,10.3975,32.53333333333333,21.35,36.0,2.5783316029449783
iq,2013,24,2013-06-11,0.2387286,0.2510286,0.2525857,0.2497714,78.96,295.831428571,296.607142857,294.89428571400003,304.6,290.7,45.22,94.96714285709999,78.96,16.41,7.385714285710001,27.2,10.075,32.6,21.6,93.2,0.24773286666666666,0.2263384333333333,26.02,9.6275,33.46666666666667,19.700000000000006,54.63333333333333,3.1738993920327156
iq,2013,25,2013-06-18,0.31042859999999994,0.3027,0.4066143,0.4039429,39.54,295.778571429,297.4,293.648571429,305.9,292.5,4.7,89.05714285709999,39.54,15.1371428571,8.22857142857,26.7,8.48,32.2,21.8,34.1,0.2625095333333333,0.2771,26.975,10.04,32.93333333333333,21.05,24.566666666666666,2.305293468087788
iq,2013,26,2013-06-25,0.3394667,0.2400714,0.3569429,0.2736,51.8,297.372857143,299.0,294.61571428599996,307.3,289.6,27.8,87.03,51.8,16.1485714286,11.542857142899999,27.35,9.675,32.6,22.0,14.9,0.23084465,0.186582125,27.257777777766666,10.6838888889,33.35,21.1,18.175,4.923130748425069
